Company,Type,Trademark,Number,Color,Volume,Cost,TakesTime,Weight,Username
Азбука Вкуса Истра,тс,тс,ТС101,тс,10,45,40,20000,AZuser119
Азбука Вкуса Истра,тс,тс,ТС102,тс,10,45,40,20000,AZuser120
Азбука Вкуса Истра,тс,тс,ТС103,тс,10,45,40,20000,AZuser121
Азбука Вкуса Истра,тс,тс,ТС104,тс,10,45,40,20000,AZuser122
Азбука Вкуса Истра,тс,тс,ТС105,тс,10,45,40,20000,AZuser123
Азбука Вкуса Истра,тс,тс,ТС106,тс,10,45,40,20000,AZuser124
Азбука Вкуса Истра,тс,тс,ТС107,тс,10,45,40,20000,AZuser125
Азбука Вкуса Истра,тс,тс,ТС108,тс,10,45,40,20000,AZuser126
Азбука Вкуса Истра,тс,тс,ТС109,тс,10,45,40,20000,AZuser127
Азбука Вкуса Истра,тс,тс,ТС110,тс,10,45,40,20000,AZuser128
Азбука Вкуса Истра,тс,тс,ТС111,тс,10,45,40,20000,AZuser129
Азбука Вкуса Истра,тс,тс,ТС112,тс,10,45,40,20000,AZuser130
Азбука Вкуса Истра,тс,тс,ТС113,тс,10,45,40,20000,AZuser131
Азбука Вкуса Истра,тс,тс,ТС114,тс,10,45,40,20000,AZuser132
Азбука Вкуса Истра,тс,тс,ТС115,тс,10,45,40,20000,AZuser133
Азбука Вкуса Истра,тс,тс,ТС116,тс,10,45,40,20000,AZuser134
Азбука Вкуса Истра,тс,тс,ТС117,тс,10,45,40,20000,AZuser135
Азбука Вкуса Истра,тс,тс,ТС118,тс,10,45,40,20000,AZuser136
Азбука Вкуса Истра,тс,тс,ТС119,тс,10,45,40,20000,AZuser137
Азбука Вкуса Истра,тс,тс,ТС120,тс,10,45,40,20000,AZuser138
Азбука Вкуса Истра,тс,тс,ТС121,тс,10,45,40,20000,AZuser139
Азбука Вкуса Истра,тс,тс,ТС122,тс,10,45,40,20000,AZuser140
Азбука Вкуса Истра,тс,тс,ТС123,тс,10,45,40,20000,AZuser141
Азбука Вкуса Истра,тс,тс,ТС124,тс,10,45,40,20000,AZuser142
Азбука Вкуса Истра,тс,тс,ТС125,тс,10,45,40,20000,AZuser143
Азбука Вкуса Истра,тс,тс,ТС126,тс,10,45,40,20000,AZuser144
Азбука Вкуса Истра,тс,тс,ТС127,тс,10,40,40,7000,AZuser145
Азбука Вкуса Истра,тс,тс,ТС128,тс,10,40,40,7000,AZuser146
Азбука Вкуса Истра,тс,тс,ТС129,тс,10,40,40,7000,AZuser147
Азбука Вкуса Истра,тс,тс,ТС130,тс,10,40,40,7000,AZuser148
Азбука Вкуса Истра,тс,тс,ТС131,тс,10,40,40,7000,AZuser149
Азбука Вкуса Истра,тс,тс,ТС132,тс,10,40,40,7000,AZuser150
Азбука Вкуса Истра,тс,тс,ТС133,тс,10,40,40,7000,AZuser151
Азбука Вкуса Истра,тс,тс,ТС134,тс,10,40,40,7000,AZuser152
Азбука Вкуса Истра,тс,тс,ТС135,тс,10,40,40,7000,AZuser153
Азбука Вкуса Истра,тс,тс,ТС136,тс,10,40,40,7000,AZuser154
Азбука Вкуса Истра,тс,тс,ТС137,тс,10,40,40,7000,AZuser155
Азбука Вкуса Истра,тс,тс,ТС138,тс,10,40,40,7000,AZuser156
Азбука Вкуса Истра,тс,тс,ТС139,тс,10,40,40,7000,AZuser157
Азбука Вкуса Истра,тс,тс,ТС140,тс,10,40,40,7000,AZuser158
Азбука Вкуса Истра,тс,тс,ТС141,тс,10,40,40,7000,AZuser159
Азбука Вкуса Истра,тс,тс,ТС142,тс,10,40,40,7000,AZuser160
Азбука Вкуса Истра,тс,тс,ТС143,тс,10,40,40,7000,AZuser161
Азбука Вкуса Истра,тс,тс,ТС144,тс,10,40,40,7000,AZuser162
Азбука Вкуса Истра,тс,тс,ТС145,тс,10,40,40,7000,AZuser163
Азбука Вкуса Истра,тс,тс,ТС146,тс,10,40,40,7000,AZuser164
Азбука Вкуса Истра,тс,тс,ТС147,тс,10,40,40,7000,AZuser165
Азбука Вкуса Истра,тс,тс,ТС148,тс,10,40,40,7000,AZuser166
Азбука Вкуса Истра,тс,тс,ТС149,тс,10,40,40,7000,AZuser167
Азбука Вкуса Истра,тс,тс,ТС150,тс,10,40,40,7000,AZuser168
Азбука Вкуса Истра,тс,тс,ТС151,тс,10,40,40,7000,AZuser169
Азбука Вкуса Истра,тс,тс,ТС152,тс,10,40,40,7000,AZuser170
Азбука Вкуса Истра,тс,тс,ТС153,тс,10,40,40,7000,AZuser171
Азбука Вкуса Истра,тс,тс,ТС154,тс,10,40,40,7000,AZuser172
Азбука Вкуса Истра,тс,тс,ТС155,тс,10,40,40,7000,AZuser173
Азбука Вкуса Истра,тс,тс,ТС156,тс,10,40,40,7000,AZuser174
Азбука Вкуса Истра,тс,тс,ТС157,тс,10,40,40,7000,AZuser175
Азбука Вкуса Истра,тс,тс,ТС158,тс,10,40,40,7000,AZuser176
Азбука Вкуса Истра,тс,тс,ТС159,тс,10,40,40,7000,AZuser177
Азбука Вкуса Истра,тс,тс,ТС160,тс,10,40,40,7000,AZuser178
Азбука Вкуса Истра,тс,тс,ТС161,тс,10,40,40,7000,AZuser179
Азбука Вкуса Истра,тс,тс,ТС162,тс,10,40,40,10000,AZuser180
Азбука Вкуса Истра,тс,тс,ТС163,тс,10,40,40,10000,AZuser181
Азбука Вкуса Истра,тс,тс,ТС164,тс,10,40,40,10000,AZuser182
Азбука Вкуса Истра,тс,тс,ТС165,тс,10,40,40,10000,AZuser183
Азбука Вкуса Истра,тс,тс,ТС166,тс,10,40,40,10000,AZuser184
Азбука Вкуса Истра,тс,тс,ТС167,тс,10,40,40,10000,AZuser185
Азбука Вкуса Истра,тс,тс,ТС168,тс,10,40,40,10000,AZuser186
Азбука Вкуса Истра,тс,тс,ТС169,тс,10,40,40,10000,AZuser187
Азбука Вкуса Истра,тс,тс,ТС170,тс,10,40,40,10000,AZuser188
Азбука Вкуса Истра,тс,тс,ТС171,тс,10,40,40,10000,AZuser189
Азбука Вкуса Истра,тс,тс,ТС172,тс,10,40,40,10000,AZuser190
Азбука Вкуса Истра,тс,тс,ТС173,тс,10,40,40,10000,AZuser191
Азбука Вкуса Истра,тс,тс,ТС174,тс,10,40,40,10000,AZuser192
Азбука Вкуса Истра,тс,тс,ТС175,тс,10,40,40,10000,AZuser193
Азбука Вкуса Истра,тс,тс,ТС176,тс,10,40,40,10000,AZuser194
Азбука Вкуса Истра,тс,тс,ТС177,тс,10,40,40,10000,AZuser195
Азбука Вкуса Истра,тс,тс,ТС178,тс,10,40,40,10000,AZuser196
Азбука Вкуса Истра,тс,тс,ТС179,тс,10,40,40,10000,AZuser197
Азбука Вкуса Истра,тс,тс,ТС180,тс,10,40,40,10000,AZuser198
Азбука Вкуса Истра,тс,тс,ТС181,тс,10,40,40,10000,AZuser199
Азбука Вкуса Истра,тс,тс,ТС182,тс,10,40,40,10000,AZuser200
Азбука Вкуса Истра,тс,тс,ТС183,тс,10,40,40,10000,AZuser201
Азбука Вкуса Истра,тс,тс,ТС184,тс,10,40,40,10000,AZuser202
Азбука Вкуса Истра,тс,тс,ТС185,тс,10,40,40,10000,AZuser203
Азбука Вкуса Истра,тс,тс,ТС186,тс,10,40,40,10000,AZuser204
Азбука Вкуса Истра,тс,тс,ТС187,тс,10,40,40,10000,AZuser205
Азбука Вкуса Истра,тс,тс,ТС188,тс,10,40,40,10000,AZuser206
Азбука Вкуса Истра,тс,тс,ТС189,тс,10,40,40,10000,AZuser207
Азбука Вкуса Истра,тс,тс,ТС190,тс,10,40,40,10000,AZuser208
Азбука Вкуса Истра,тс,тс,ТС191,тс,10,15,30,5000,AZuser209
Азбука Вкуса Истра,тс,тс,ТС192,тс,10,15,30,5000,AZuser210
Азбука Вкуса Истра,тс,тс,ТС193,тс,10,15,30,5000,AZuser211
Азбука Вкуса Истра,тс,тс,ТС194,тс,10,15,30,5000,AZuser212
Азбука Вкуса Истра,тс,тс,ТС195,тс,10,15,30,5000,AZuser213
Азбука Вкуса Истра,тс,тс,ТС196,тс,10,15,30,5000,AZuser214
Азбука Вкуса Истра,тс,тс,ТС197,тс,10,15,30,5000,AZuser215
Азбука Вкуса Истра,тс,тс,ТС198,тс,10,15,30,5000,AZuser216
Азбука Вкуса Истра,тс,тс,ТС199,тс,10,15,30,5000,AZuser217
Азбука Вкуса Истра,тс,тс,ТС200,тс,10,15,30,5000,AZuser218
Азбука Вкуса Истра,тс,тс,ТС201,тс,10,15,30,5000,AZuser219
Азбука Вкуса Истра,тс,тс,ТС202,тс,10,15,30,5000,AZuser220
Азбука Вкуса Истра,тс,тс,ТС203,тс,10,15,30,5000,AZuser221
Азбука Вкуса Истра,тс,тс,ТС204,тс,10,15,30,5000,AZuser222
Азбука Вкуса Истра,тс,тс,ТС205,тс,10,15,30,5000,AZuser223
Азбука Вкуса Истра,тс,тс,ТС206,тс,10,15,30,5000,AZuser224
Азбука Вкуса Истра,тс,тс,ТС207,тс,10,15,30,5000,AZuser225
Азбука Вкуса Истра,тс,тс,ТС208,тс,10,15,30,5000,AZuser226
Азбука Вкуса Истра,тс,тс,ТС209,тс,10,15,30,5000,AZuser227
Азбука Вкуса Истра,тс,тс,ТС210,тс,10,15,30,5000,AZuser228
Азбука Вкуса Истра,тс,тс,ТС211,тс,10,15,30,5000,AZuser229
Азбука Вкуса Истра,тс,тс,ТС212,тс,10,15,30,5000,AZuser230
Азбука Вкуса Истра,тс,тс,ТС213,тс,10,15,30,5000,AZuser231
Азбука Вкуса Истра,тс,тс,ТС214,тс,10,15,30,5000,AZuser232
Азбука Вкуса Истра,тс,тс,ТС215,тс,10,15,30,5000,AZuser233
Азбука Вкуса Истра,тс,тс,ТС216,тс,10,15,30,5000,AZuser234
Азбука Вкуса Истра,тс,тс,ТС217,тс,10,15,30,5000,AZuser235
Азбука Вкуса Истра,тс,тс,ТС218,тс,10,15,30,5000,AZuser236
Азбука Вкуса Истра,тс,тс,ТС219,тс,10,15,30,5000,AZuser237
Азбука Вкуса Истра,тс,тс,ТС220,тс,10,15,30,5000,AZuser238
Азбука Вкуса Истра,тс,тс,ТС221,тс,10,15,30,5000,AZuser239
Азбука Вкуса Истра,тс,тс,ТС222,тс,10,15,30,5000,AZuser240
Азбука Вкуса Истра,тс,тс,ТС223,тс,10,15,30,3000,AZuser241
Азбука Вкуса Истра,тс,тс,ТС224,тс,10,15,30,3000,AZuser242
Азбука Вкуса Истра,тс,тс,ТС225,тс,10,15,30,3000,AZuser243
Азбука Вкуса Истра,тс,тс,ТС226,тс,10,15,30,3000,AZuser244
Азбука Вкуса Истра,тс,тс,ТС227,тс,10,15,30,3000,AZuser245
Азбука Вкуса Истра,тс,тс,ТС228,тс,10,15,30,3000,AZuser246
Азбука Вкуса Истра,тс,тс,ТС229,тс,10,15,30,3000,AZuser247
Азбука Вкуса Истра,тс,тс,ТС230,тс,10,15,30,3000,AZuser248
Азбука Вкуса Истра,тс,тс,ТС231,тс,10,15,30,3000,AZuser249
Азбука Вкуса Истра,тс,тс,ТС232,тс,10,15,30,3000,AZuser250
Азбука Вкуса Истра,тс,тс,ТС233,тс,10,15,30,3000,AZuser251
Азбука Вкуса Истра,тс,тс,ТС234,тс,10,15,30,3000,AZuser252
Азбука Вкуса Истра,тс,тс,ТС235,тс,10,15,30,3000,AZuser253
Азбука Вкуса Истра,тс,тс,ТС236,тс,10,15,30,3000,AZuser254
Азбука Вкуса Истра,тс,тс,ТС237,тс,10,15,30,3000,AZuser255
Азбука Вкуса Истра,тс,тс,ТС238,тс,10,15,30,3000,AZuser256
Азбука Вкуса Истра,тс,тс,ТС239,тс,10,15,30,3000,AZuser257
Азбука Вкуса Истра,тс,тс,ТС240,тс,10,15,30,3000,AZuser258
Азбука Вкуса Истра,тс,тс,ТС241,тс,10,15,30,3000,AZuser259
Азбука Вкуса Истра,тс,тс,ТС242,тс,10,15,30,3000,AZuser260
Азбука Вкуса Истра,тс,тс,ТС243,тс,10,15,30,3000,AZuser261
Азбука Вкуса Истра,тс,тс,ТС244,тс,10,15,30,3000,AZuser262
Азбука Вкуса Истра,тс,тс,ТС245,тс,10,15,30,3000,AZuser263
Азбука Вкуса Истра,тс,тс,ТС246,тс,10,15,30,3000,AZuser264
Азбука Вкуса Истра,тс,тс,ТС247,тс,10,15,30,3000,AZuser265
Азбука Вкуса Истра,тс,тс,ТС248,тс,10,15,30,3000,AZuser266
Азбука Вкуса Истра,тс,тс,ТС249,тс,10,15,30,3000,AZuser267
Азбука Вкуса Истра,тс,тс,ТС250,тс,10,15,30,3000,AZuser268
Азбука Вкуса Истра,тс,тс,ТС251,тс,10,15,30,3000,AZuser269
Азбука Вкуса Истра,тс,тс,ТС252,тс,10,15,30,3000,AZuser270
Азбука Вкуса Истра,тс,тс,ТС253,тс,10,15,30,3000,AZuser271
Азбука Вкуса Истра,тс,тс,ТС254,тс,10,15,30,3000,AZuser272
Азбука Вкуса Истра,тс,тс,ТС255,тс,10,15,30,3000,AZuser273
Азбука Вкуса Истра,тс,тс,ТС256,тс,10,15,30,3000,AZuser274
Азбука Вкуса Истра,тс,тс,ТС257,тс,10,15,30,3000,AZuser275
Азбука Вкуса Истра,тс,тс,ТС258,тс,10,15,30,3000,AZuser276
Азбука Вкуса Истра,тс,тс,ТС259,тс,10,15,30,3000,AZuser277
Азбука Вкуса Истра,тс,тс,ТС260,тс,10,15,30,3000,AZuser278
Азбука Вкуса Истра,тс,тс,ТС261,тс,10,15,30,3000,AZuser279
Азбука Вкуса Истра,тс,тс,ТС262,тс,10,15,30,3000,AZuser280
Азбука Вкуса Истра,тс,тс,ТС263,тс,10,15,30,3000,AZuser281
Азбука Вкуса Истра,тс,тс,ТС264,тс,10,15,30,3000,AZuser282
Азбука Вкуса Истра,тс,тс,ТС265,тс,10,10,20,1500,AZuser283
Азбука Вкуса Истра,тс,тс,ТС266,тс,10,10,20,1500,AZuser284
Азбука Вкуса Истра,тс,тс,ТС267,тс,10,10,20,1500,AZuser285
Азбука Вкуса Истра,тс,тс,ТС268,тс,10,10,20,1500,AZuser286
Азбука Вкуса Истра,тс,тс,ТС269,тс,10,10,20,1500,AZuser287
Азбука Вкуса Истра,тс,тс,ТС270,тс,10,10,20,1500,AZuser288
Азбука Вкуса Истра,тс,тс,ТС271,тс,10,10,20,1500,AZuser289
Азбука Вкуса Истра,тс,тс,ТС272,тс,10,10,20,1500,AZuser290
Азбука Вкуса Истра,тс,тс,ТС273,тс,10,10,20,1500,AZuser291
Азбука Вкуса Истра,тс,тс,ТС274,тс,10,10,20,1500,AZuser292
Азбука Вкуса Истра,тс,тс,ТС275,тс,10,10,20,1500,AZuser293
Азбука Вкуса Истра,тс,тс,ТС276,тс,10,10,20,1500,AZuser294
Азбука Вкуса Истра,тс,тс,ТС277,тс,10,10,20,1500,AZuser295
Азбука Вкуса Истра,тс,тс,ТС278,тс,10,10,20,1500,AZuser296
Азбука Вкуса Истра,тс,тс,ТС279,тс,10,10,20,1500,AZuser297
Азбука Вкуса Истра,тс,тс,ТС280,тс,10,10,20,1500,AZuser298
Азбука Вкуса Истра,тс,тс,ТС281,тс,10,10,20,1500,AZuser299
Азбука Вкуса Истра,тс,тс,ТС282,тс,10,10,20,1500,AZuser300
Азбука Вкуса Истра,тс,тс,ТС283,тс,10,10,20,1500,AZuser301
Азбука Вкуса Истра,тс,тс,ТС284,тс,10,10,20,1500,AZuser302
Азбука Вкуса Истра,тс,тс,ТС285,тс,10,10,20,1500,AZuser303
Азбука Вкуса Истра,тс,тс,ТС286,тс,10,10,20,1500,AZuser304
Азбука Вкуса Истра,тс,тс,ТС287,тс,10,10,20,1500,AZuser305
Азбука Вкуса Истра,тс,тс,ТС288,тс,10,10,20,1500,AZuser306
Азбука Вкуса Истра,тс,тс,ТС289,тс,10,10,20,1500,AZuser307
Азбука Вкуса Истра,тс,тс,ТС290,тс,10,10,20,1500,AZuser308
Азбука Вкуса Истра,тс,тс,ТС291,тс,10,10,20,1500,AZuser309
Азбука Вкуса Истра,тс,тс,ТС292,тс,10,10,20,1500,AZuser310
Азбука Вкуса Истра,тс,тс,ТС293,тс,10,10,20,1500,AZuser311
Азбука Вкуса Истра,тс,тс,ТС294,тс,10,10,20,1500,AZuser312
Азбука Вкуса Истра,тс,тс,ТС295,тс,10,10,20,1500,AZuser313
Азбука Вкуса Истра,тс,тс,ТС296,тс,10,10,20,1500,AZuser314
Азбука Вкуса Истра,тс,тс,ТС297,тс,10,10,20,1500,AZuser315
Азбука Вкуса Истра,тс,тс,ТС298,тс,10,10,20,1500,AZuser316
Азбука Вкуса Истра,тс,тс,ТС299,тс,10,10,20,1500,AZuser317

